probility,deltaTime,deltaNum
0.01,26.1200106894283,11
0.02,35.3103147049113,13
0.03,33.9766758304317,13
0.04,34.4540560946292,25
0.05,43.8424807099177,31
0.06,40.9471763998354,31
0.07,45.3069973094661,31
0.08,57.0701707872022,31
0.09,51.2178967640905,31
0.1,52.9764145279306,31
